N_MODEL,HIDDEN_SIZE,N_LAYERS,DIRECTIONS,RECALL,PERCISION,F1,RECALL_WO_O,PERCISION_WO_O,F1_WO_O
Model1,500,1,1,0.8892393546039064,0.849571823494906,0.8658870618009332,0.5089498806682577,0.6855685579108736,0.5815239761427258
Model2,500,2,1,0.8847506975615674,0.8508397786673626,0.8658600854984447,0.5805489260143198,0.664757700678417,0.6144709062213909
Model3,500,3,1,0.8853572728375592,0.8493065221855046,0.8654058575506902,0.5262529832935561,0.6167479521171854,0.5634432501799944
Model4,500,1,2,0.8959116826398156,0.8532439648240714,0.8719468364154628,0.5244630071599046,0.6523292638955129,0.5794239010092743
Model5,500,2,2,0.9070726677180638,0.8672426982433219,0.8860696148149859,0.5960620525059666,0.6759793084653546,0.6324366337974308
Model6,500,3,2,0.9022200655101298,0.8633153150115662,0.8801402166689295,0.5513126491646778,0.687194937690338,0.6092311734309502
Model7,800,1,2,0.8910590804318816,0.8502052420223556,0.8654980375828057,0.48269689737470167,0.6846516559275546,0.5649942230745145
Model8,800,2,2,0.9078005580492539,0.8674127846750008,0.8863352226804931,0.5936754176610979,0.6875730634812158,0.6363208456578399
Model9,800,3,2,0.8984592987989809,0.8562124131747729,0.8749096391207484,0.5465393794749404,0.6730012965050367,0.600144608611667
