N_MODEL,HIDDEN_SIZE,N_LAYERS,DIRECTIONS,RECALL,PERCISION,F1,RECALL_WO_O,PERCISION_WO_O,F1_WO_O
Model1,500,1,1,0.8214242387480286,0.7734970367056235,0.7676029863608499,0.1652744630071599,0.7467114623156826,0.2415397214682646
Model2,500,2,1,0.8111124590561689,0.7436629531999441,0.7726181395961248,0.2464200477326969,0.4628904762146866,0.31616877978749475
Model3,500,3,1,0.8220308140240203,0.7513834339927066,0.7670716231213799,0.16408114558472553,0.5117564615446042,0.24263685177280178
Model4,500,1,2,0.8513890573820211,0.8025689603244555,0.819287734536075,0.37708830548926014,0.5915125298329355,0.4441814341380168
Model5,500,2,2,0.8714060414897489,0.829396864417286,0.8460886630408492,0.44212410501193317,0.6467894614692021,0.5213806874936233
Model6,500,3,2,0.8695863156617736,0.8234808605508448,0.8408391163179899,0.418854415274463,0.6552431629741698,0.5082631314830705
Model7,800,1,2,0.8561203445347567,0.8100477898312423,0.8261890019079332,0.383054892601432,0.6292399297791078,0.46874636932584135
Model8,800,2,2,0.874924178090501,0.8311466504416235,0.8511146647540225,0.4892601431980907,0.6371650582823147,0.5510876755163264
Model9,800,3,2,0.872133931820939,0.8269511965998885,0.8458998350047664,0.46957040572792363,0.633337344478251,0.5322089432223012
